-- phpMyAdmin SQL Dump
-- version 4.9.0.1
-- https://www.phpmyadmin.net/
--
-- Host: 127.0.0.1
-- Generation Time: May 26, 2020 at 07:58 AM
-- Server version: 10.3.15-MariaDB
-- PHP Version: 7.2.19

SET SQL_MODE = "NO_AUTO_VALUE_ON_ZERO";
SET AUTOCOMMIT = 0;
START TRANSACTION;
SET time_zone = "+00:00";


/*!40101 SET @OLD_CHARACTER_SET_CLIENT=@@CHARACTER_SET_CLIENT */;
/*!40101 SET @OLD_CHARACTER_SET_RESULTS=@@CHARACTER_SET_RESULTS */;
/*!40101 SET @OLD_COLLATION_CONNECTION=@@COLLATION_CONNECTION */;
/*!40101 SET NAMES utf8mb4 */;

--
-- Database: `tourism`
--

-- --------------------------------------------------------

--
-- Table structure for table `tbl_arrival`
--

CREATE TABLE `tbl_arrival` (
  `id` int(11) NOT NULL,
  `series` year(4) NOT NULL,
  `arrival` int(11) NOT NULL
) ENGINE=InnoDB DEFAULT CHARSET=latin1;

--
-- Dumping data for table `tbl_arrival`
--

INSERT INTO `tbl_arrival` (`id`, `series`, `arrival`) VALUES
(1, 2008, 2724),
(2, 2009, 3632),
(3, 2010, 4682),
(4, 2011, 5537),
(5, 2012, 6819),
(6, 2013, 6231),
(7, 2014, 7175),
(8, 2015, 8172),
(9, 2016, 8806),
(10, 2017, 9761),
(11, 2018, 11267);

-- --------------------------------------------------------

--
-- Table structure for table `tbl_departure`
--

CREATE TABLE `tbl_departure` (
  `id` int(11) NOT NULL,
  `series` year(4) NOT NULL,
  `departure` int(11) NOT NULL
) ENGINE=InnoDB DEFAULT CHARSET=latin1;

--
-- Dumping data for table `tbl_departure`
--

INSERT INTO `tbl_departure` (`id`, `series`, `departure`) VALUES
(1, 2008, 3716),
(2, 2009, 3404),
(3, 2010, 3443),
(4, 2011, 4120),
(5, 2012, 3959),
(6, 2013, 3928),
(7, 2014, 4146),
(8, 2015, 4504),
(9, 2016, 4852),
(10, 2017, 5186),
(11, 2018, 5415);

-- --------------------------------------------------------

--
-- Table structure for table `tbl_expenditure_in`
--

CREATE TABLE `tbl_expenditure_in` (
  `id` int(11) NOT NULL,
  `series` year(4) NOT NULL,
  `expenditure_in` int(11) NOT NULL
) ENGINE=InnoDB DEFAULT CHARSET=latin1;

--
-- Dumping data for table `tbl_expenditure_in`
--

INSERT INTO `tbl_expenditure_in` (`id`, `series`, `expenditure_in`) VALUES
(1, 2008, 1850),
(2, 2009, 2013),
(3, 2010, 1778),
(4, 2011, 1833),
(5, 2012, 1623),
(6, 2013, 1670),
(7, 2014, 1849),
(8, 2015, 1612),
(9, 2016, 1821),
(10, 2017, 2050),
(11, 2018, 2306);

-- --------------------------------------------------------

--
-- Table structure for table `tbl_expenditure_out`
--

CREATE TABLE `tbl_expenditure_out` (
  `id` int(11) NOT NULL,
  `series` year(4) NOT NULL,
  `expenditure_out` int(11) NOT NULL
) ENGINE=InnoDB DEFAULT CHARSET=latin1;

--
-- Dumping data for table `tbl_expenditure_out`
--

INSERT INTO `tbl_expenditure_out` (`id`, `series`, `expenditure_out`) VALUES
(1, 2008, 1644),
(2, 2009, 1692),
(3, 2010, 1452),
(4, 2011, 1677),
(5, 2012, 1374),
(6, 2013, 1567),
(7, 2014, 1689),
(8, 2015, 1311),
(9, 2016, 1338),
(10, 2017, 1473),
(11, 2018, 1750);

-- --------------------------------------------------------

--
-- Table structure for table `tbl_predict`
--

CREATE TABLE `tbl_predict` (
  `id` int(11) NOT NULL,
  `series` varchar(4) NOT NULL,
  `wema_arrival` float NOT NULL,
  `error_arrival` float NOT NULL,
  `wema_departure` float NOT NULL,
  `error_departure` float NOT NULL,
  `wema_expenditure_in` float NOT NULL,
  `error_expenditure_in` float NOT NULL,
  `wema_expenditure_out` float NOT NULL,
  `error_expenditure_out` float NOT NULL
) ENGINE=InnoDB DEFAULT CHARSET=latin1;

--
-- Dumping data for table `tbl_predict`
--

INSERT INTO `tbl_predict` (`id`, `series`, `wema_arrival`, `error_arrival`, `wema_departure`, `error_departure`, `wema_expenditure_in`, `error_expenditure_in`, `wema_expenditure_out`, `error_expenditure_out`) VALUES
(1, '2011', 4445, 1092, 3794.5, 325.5, 1729.17, 103.83, 1503.75, 173.25),
(2, '2012', 5086, 1733, 3714, 245, 1624.17, 1.17, 1352.25, 21.75),
(3, '2013', 4792, 1439, 3698.5, 229.5, 1647.67, 22.33, 1448.75, 118.25),
(4, '2014', 5264, 1911, 3807.5, 338.5, 1737.17, 111.83, 1509.75, 179.25),
(5, '2015', 5762.5, 2409.5, 3986.5, 517.5, 1618.67, 6.67, 1320.75, 9.75),
(6, '2016', 6079.5, 2726.5, 4160.5, 691.5, 1723.17, 97.83, 1334.25, 3.75),
(7, '2017', 6557, 3204, 4327.5, 858.5, 1837.67, 212.33, 1401.75, 71.25),
(8, '2018', 7310, 3957, 4442, 973, 1965.67, 340.33, 1540.25, 209.75);

-- --------------------------------------------------------

--
-- Table structure for table `tbl_region`
--

CREATE TABLE `tbl_region` (
  `region_id` int(11) NOT NULL,
  `region_name` varchar(100) NOT NULL
) ENGINE=InnoDB DEFAULT CHARSET=latin1;

--
-- Dumping data for table `tbl_region`
--

INSERT INTO `tbl_region` (`region_id`, `region_name`) VALUES
(2, 'Albania'),
(5, 'Argentina'),
(6, 'Armenia'),
(8, 'Australia'),
(9, 'Austria'),
(10, 'Azerbaijan'),
(14, 'Belarus'),
(15, 'Belgium'),
(18, 'Bolivia'),
(21, 'Brazil'),
(22, 'Bulgaria'),
(23, 'Cambodia'),
(25, 'Canada'),
(26, 'Chile'),
(27, 'China'),
(28, 'Colombia'),
(30, 'Croatia'),
(32, 'Cyprus'),
(33, 'Denmark'),
(34, 'Ecuador'),
(36, 'Estonia'),
(37, 'Eswatini'),
(40, 'Finland'),
(41, 'France'),
(42, 'Georgia'),
(43, 'Germany'),
(44, 'Greece'),
(46, 'Guatemala'),
(49, 'Hongkong'),
(50, 'Hungary'),
(51, 'Iceland'),
(52, 'India'),
(53, 'Indonesia'),
(54, 'Ireland'),
(55, 'Israel'),
(56, 'Italy'),
(58, 'Japan'),
(61, 'Korea'),
(63, 'Kyrgyzstan'),
(64, 'Latvia'),
(67, 'Lithuania'),
(68, 'Luxembourg'),
(69, 'Macao'),
(74, 'Malta'),
(76, 'Mauritius'),
(77, 'Mexico'),
(82, 'Morocco'),
(86, 'Netherlands'),
(87, 'Nicaragua'),
(90, 'Oman'),
(92, 'Panama'),
(93, 'Paraguay'),
(94, 'Peru'),
(96, 'Poland'),
(99, 'Romania'),
(102, 'Seychelles'),
(103, 'Singapore'),
(105, 'Slovenia'),
(106, 'Spain'),
(109, 'Switzerland'),
(110, 'Taiwan'),
(113, 'Thailand'),
(118, 'Turkey'),
(119, 'Ukraine'),
(120, 'United Kingdom'),
(121, 'United States Of America'),
(122, 'Uruguay'),
(124, 'Vanuatu');

-- --------------------------------------------------------

--
-- Table structure for table `tbl_tourist`
--

CREATE TABLE `tbl_tourist` (
  `id` int(11) NOT NULL,
  `series` year(4) NOT NULL,
  `arrival` int(11) NOT NULL,
  `expenditure_in` int(11) NOT NULL,
  `departure` int(11) NOT NULL,
  `expenditure_out` int(11) NOT NULL,
  `region_id` int(11) NOT NULL
) ENGINE=InnoDB DEFAULT CHARSET=latin1;

--
-- Dumping data for table `tbl_tourist`
--

INSERT INTO `tbl_tourist` (`id`, `series`, `arrival`, `expenditure_in`, `departure`, `expenditure_out`, `region_id`) VALUES
(1, 2008, 2724, 1850, 3716, 1644, 2),
(2, 2009, 3632, 2013, 3404, 1692, 2),
(3, 2010, 4682, 1778, 3443, 1452, 2),
(4, 2011, 5537, 1833, 4120, 1677, 2),
(5, 2012, 6819, 1623, 3959, 1374, 2),
(6, 2013, 6231, 1670, 3928, 1567, 2),
(7, 2014, 7175, 1849, 4146, 1689, 2),
(8, 2015, 8172, 1612, 4504, 1311, 2),
(9, 2016, 8806, 1821, 4852, 1338, 2),
(10, 2017, 9761, 2050, 5186, 1473, 2),
(11, 2018, 11267, 2306, 5415, 1750, 2),
(12, 2008, 4700, 5273, 4614, 5987, 5),
(13, 2009, 4308, 4455, 4981, 5808, 5),
(14, 2010, 6800, 5605, 5307, 6448, 5),
(15, 2011, 6703, 6058, 6686, 7602, 5),
(16, 2012, 6497, 5665, 7266, 8466, 5),
(17, 2013, 6510, 5199, 6746, 8421, 5),
(18, 2014, 7165, 5645, 6517, 7837, 5),
(19, 2015, 6816, 5441, 7807, 9348, 5),
(20, 2016, 6668, 5466, 10417, 12273, 5),
(21, 2017, 6711, 5835, 12213, 14175, 5),
(22, 2018, 6942, 5999, 11130, 13092, 5),
(23, 2008, 558, 564, 516, 494, 6),
(24, 2009, 575, 570, 526, 496, 6),
(25, 2010, 684, 694, 563, 641, 6),
(26, 2011, 758, 762, 715, 756, 6),
(27, 2012, 963, 853, 965, 874, 6),
(28, 2013, 1084, 905, 1083, 1007, 6),
(29, 2014, 1204, 994, 1198, 1101, 6),
(30, 2015, 1192, 956, 1187, 1057, 6),
(31, 2016, 1260, 988, 1263, 1119, 6),
(32, 2017, 1495, 1140, 1482, 1325, 6),
(33, 2018, 1652, 1237, 1623, 1458, 6),
(34, 2008, 5586, 27189, 5808, 25557, 8),
(35, 2009, 5490, 26909, 6276, 22680, 8),
(36, 2010, 5790, 31064, 7103, 27851, 8),
(37, 2011, 5771, 34315, 7788, 33967, 8),
(38, 2012, 6032, 34137, 8212, 35226, 8),
(39, 2013, 6482, 32889, 9052, 35197, 8),
(40, 2014, 6922, 35736, 9480, 35666, 8),
(41, 2015, 7449, 36249, 9810, 34071, 8),
(42, 2016, 8269, 39059, 10390, 35718, 8),
(43, 2017, 8815, 43975, 10932, 39710, 8),
(44, 2018, 9246, 47327, 11403, 42351, 8),
(45, 2008, 21935, 21630, 9677, 11438, 9),
(46, 2009, 21355, 19168, 10121, 10826, 9),
(47, 2010, 22004, 18751, 9882, 10120, 9),
(48, 2011, 23012, 19791, 9874, 10556, 9),
(49, 2012, 24151, 18931, 10960, 9987, 9),
(50, 2013, 24813, 20221, 10671, 10253, 9),
(51, 2014, 25291, 20913, 10994, 11095, 9),
(52, 2015, 26728, 20422, 10628, 11337, 9),
(53, 2016, 28121, 20965, 11534, 11634, 9),
(54, 2017, 29460, 22424, 11491, 12878, 9),
(55, 2018, 30816, 25411, 11883, 14256, 9),
(56, 2008, 2942, 382, 3210, 456, 10),
(57, 2009, 2835, 545, 3508, 488, 10),
(58, 2010, 3243, 792, 4996, 856, 10),
(59, 2011, 38801, 1500, 5858, 1778, 10),
(60, 2012, 4470, 2634, 6703, 2617, 10),
(61, 2013, 4639, 2618, 7592, 3032, 10),
(62, 2014, 4458, 2713, 7563, 3163, 10),
(63, 2015, 3928, 2535, 7352, 2743, 10),
(64, 2016, 4293, 2855, 7874, 2593, 10),
(65, 2017, 5151, 3214, 7556, 2803, 10),
(66, 2018, 5483, 2830, 8827, 2453, 10),
(67, 2008, 568, 585, 380, 860, 14),
(68, 2009, 607, 563, 316, 752, 14),
(69, 2010, 796, 665, 415, 748, 14),
(70, 2011, 899, 747, 320, 729, 14),
(71, 2012, 7123, 986, 493, 948, 14),
(72, 2013, 7245, 1156, 708, 1333, 14),
(73, 2014, 6455, 1230, 741, 1308, 14),
(74, 2015, 5352, 1013, 671, 997, 14),
(75, 2016, 12864, 1019, 467, 891, 14),
(76, 2017, 13060, 1124, 706, 1082, 14),
(77, 2018, 13644, 1221, 836, 1159, 14),
(78, 2008, 7165, 12020, 8887, 19523, 15),
(79, 2009, 6815, 12718, 8775, 20813, 15),
(80, 2010, 7186, 12680, 8801, 20884, 15),
(81, 2011, 7494, 14114, 9727, 22836, 15),
(82, 2012, 7560, 13704, 9576, 22357, 15),
(83, 2013, 7684, 14534, 10803, 24507, 15),
(84, 2014, 7887, 15249, 10991, 26444, 15),
(85, 2015, 8355, 8975, 10835, 15856, 15),
(86, 2016, 7481, 8784, 13372, 16522, 15),
(87, 2017, 8385, 9636, 12142, 17835, 15),
(88, 2018, 9119, 10381, 13098, 20830, 15),
(89, 2008, 594, 302, 589, 381, 18),
(90, 2009, 599, 306, 518, 388, 18),
(91, 2010, 679, 339, 604, 4421, 18),
(92, 2011, 711, 499, 775, 410, 18),
(93, 2012, 798, 631, 788, 502, 18),
(94, 2013, 798, 639, 837, 660, 18),
(95, 2014, 871, 746, 932, 953, 18),
(96, 2015, 882, 810, 965, 849, 18),
(97, 2016, 961, 827, 940, 960, 18),
(98, 2017, 1109, 912, 997, 1034, 18),
(99, 2018, 1142, 970, 1060, 1081, 18),
(100, 2008, 5050, 6109, 5238, 13269, 21),
(101, 2009, 4802, 5635, 4920, 12897, 21),
(102, 2010, 5161, 5522, 6457, 18883, 21),
(103, 2011, 5433, 6370, 7807, 24608, 21),
(104, 2012, 5677, 6623, 8497, 26008, 21),
(105, 2013, 5813, 6784, 8866, 29286, 21),
(106, 2014, 6430, 7405, 9617, 29998, 21),
(107, 2015, 6306, 6254, 9478, 20356, 21),
(108, 2016, 6547, 6613, 8872, 17068, 21),
(109, 2017, 6589, 6175, 10610, 22991, 21),
(110, 2018, 6621, 6324, 10628, 22229, 21),
(111, 2008, 5780, 4852, 5727, 2602, 22),
(112, 2009, 5739, 4273, 4993, 1955, 22),
(113, 2010, 6047, 3807, 3676, 975, 22),
(114, 2011, 6328, 4297, 3803, 1063, 22),
(115, 2012, 6541, 3975, 3758, 1096, 22),
(116, 2013, 6898, 4410, 3930, 1342, 22),
(117, 2014, 7311, 4518, 4158, 1459, 22),
(118, 2015, 7099, 3583, 4632, 1346, 22),
(119, 2016, 8252, 4164, 5392, 1636, 22),
(120, 2017, 8883, 4678, 6228, 2047, 22),
(121, 2018, 9273, 5072, 6699, 2247, 22),
(122, 2008, 2125, 1280, 786, 180, 23),
(123, 2009, 2162, 1463, 340, 163, 23),
(124, 2010, 2508, 1671, 505, 131, 23),
(125, 2011, 2882, 2258, 710, 344, 23),
(126, 2012, 3584, 2663, 792, 406, 23),
(127, 2013, 4210, 2895, 872, 469, 23),
(128, 2014, 4503, 3220, 956, 527, 23),
(129, 2015, 4775, 3419, 1194, 641, 23),
(130, 2016, 5012, 3523, 1434, 762, 23),
(131, 2017, 5602, 4024, 1752, 919, 23),
(132, 2018, 6201, 4832, 1995, 1079, 23),
(133, 2008, 17142, 18190, 27034, 27225, 25),
(134, 2009, 15737, 15580, 26204, 24190, 25),
(135, 2010, 16219, 18439, 28680, 29977, 25),
(136, 2011, 16014, 19993, 30450, 33399, 25),
(137, 2012, 16344, 17404, 32276, 35032, 25),
(138, 2013, 16059, 17650, 32971, 35158, 25),
(139, 2014, 16537, 17798, 33518, 34444, 25),
(140, 2015, 17971, 16531, 32267, 30271, 25),
(141, 2016, 19971, 18144, 31278, 28936, 25),
(142, 2017, 20883, 20400, 33060, 31811, 25),
(143, 2018, 21134, 21978, 26033, 33581, 25),
(144, 2008, 2710, 2481, 1900, 1386, 26),
(145, 2009, 2760, 2380, 1909, 1511, 26),
(146, 2010, 2801, 2362, 2219, 1736, 26),
(147, 2011, 3137, 2723, 2638, 2085, 26),
(148, 2012, 3554, 3158, 2837, 2400, 26),
(149, 2013, 3576, 3171, 2999, 2499, 26),
(150, 2014, 3674, 3202, 3169, 2700, 26),
(151, 2015, 4478, 3412, 3359, 2518, 26),
(152, 2016, 5641, 3744, 3553, 2733, 26),
(153, 2017, 6450, 4372, 3620, 3063, 26),
(154, 2018, 5723, 3972, 3825, 3086, 26),
(155, 2008, 53049, 40843, 45844, 36157, 27),
(156, 2009, 50875, 39675, 47656, 43702, 27),
(157, 2010, 55664, 45814, 57386, 54880, 27),
(158, 2011, 57581, 48464, 70250, 72585, 27),
(159, 2012, 57725, 50028, 83182, 101977, 27),
(160, 2013, 55686, 51664, 98185, 128576, 27),
(161, 2014, 55622, 44044, 116593, 227344, 27),
(162, 2015, 56886, 44969, 127860, 249831, 27),
(163, 2016, 59270, 44432, 135130, 250112, 27),
(164, 2017, 60740, 38559, 143035, 257875, 27),
(165, 2018, 62900, 40386, 149720, 277345, 27),
(166, 2008, 4862, 2936, 2042, 2775, 28),
(167, 2009, 5013, 3050, 2122, 2801, 28),
(168, 2010, 3106, 3441, 2342, 3188, 28),
(169, 2011, 4398, 3801, 2522, 3631, 28),
(170, 2012, 4613, 4363, 3169, 4363, 28),
(171, 2013, 4883, 4759, 3605, 4485, 28),
(172, 2014, 5418, 4887, 39911, 5175, 28),
(173, 2015, 6232, 5235, 3862, 4820, 28),
(174, 2016, 6813, 5584, 3795, 4825, 28),
(175, 2017, 7607, 5882, 4017, 5135, 28),
(176, 2018, 8186, 6617, 4368, 5625, 28),
(177, 2008, 8665, 11615, 2357, 1167, 30),
(178, 2009, 8694, 9300, 2497, 1042, 30),
(179, 2010, 9111, 8299, 1873, 861, 30),
(180, 2011, 9927, 9598, 2880, 918, 30),
(181, 2012, 10369, 8912, 2680, 962, 30),
(182, 2013, 10948, 9715, 2927, 923, 30),
(183, 2014, 11623, 10079, 2763, 865, 30),
(184, 2015, 12683, 9018, 2578, 770, 30),
(185, 2016, 13809, 9820, 1615, 954, 30),
(186, 2017, 15593, 11128, 1923, 1399, 30),
(187, 2018, 16645, 12075, 2058, 1737, 30),
(188, 2008, 2404, 3232, 1210, 1968, 32),
(189, 2009, 2141, 2476, 1172, 1742, 32),
(190, 2010, 2173, 2137, 1246, 1320, 32),
(191, 2011, 2392, 2603, 1209, 1366, 32),
(192, 2012, 2465, 2603, 1194, 1318, 32),
(193, 2013, 2405, 2930, 1115, 1254, 32),
(194, 2014, 2441, 2924, 1209, 1343, 32),
(195, 2015, 2659, 2526, 1119, 1453, 32),
(196, 2016, 3187, 2870, 1268, 1559, 32),
(197, 2017, 3652, 3274, 1407, 1366, 32),
(198, 2018, 3939, 3449, 1446, 1551, 32),
(199, 2008, 9564, 6281, 6347, 9698, 33),
(200, 2009, 9265, 5617, 7037, 8968, 33),
(201, 2010, 9425, 5704, 7726, 9082, 33),
(202, 2011, 8471, 6366, 7846, 9840, 33),
(203, 2012, 8443, 6135, 7843, 9600, 33),
(204, 2013, 8557, 6490, 6977, 10072, 33),
(205, 2014, 10267, 7617, 8528, 10443, 33),
(206, 2015, 10424, 6685, 8991, 8918, 33),
(207, 2016, 10781, 7494, 9651, 9174, 33),
(208, 2017, 12426, 8508, 8087, 9804, 33),
(209, 2018, 12749, 9097, 7475, 10485, 33),
(210, 2008, 1005, 745, 815, 790, 34),
(211, 2009, 968, 674, 814, 806, 34),
(212, 2010, 1047, 786, 899, 863, 34),
(213, 2011, 1141, 849, 1022, 917, 34),
(214, 2012, 1272, 1039, 1022, 944, 34),
(215, 2013, 1364, 1251, 1138, 989, 34),
(216, 2014, 1695, 1487, 1096, 990, 34),
(217, 2015, 1676, 1557, 1221, 994, 34),
(218, 2016, 1569, 1450, 1366, 1034, 34),
(219, 2017, 1806, 1554, 1347, 1086, 34),
(220, 2018, 2535, 1878, 1402, 1043, 34),
(221, 2008, 2222, 1193, 692, 809, 36),
(222, 2009, 2180, 1090, 752, 605, 36),
(223, 2010, 2511, 1065, 955, 633, 36),
(224, 2011, 2823, 1256, 1054, 806, 36),
(225, 2012, 2957, 1286, 1147, 796, 36),
(226, 2013, 3111, 1626, 1166, 1059, 36),
(227, 2014, 3160, 1864, 1426, 1181, 36),
(228, 2015, 2961, 1493, 1250, 1026, 36),
(229, 2016, 3131, 1542, 1339, 1164, 36),
(230, 2017, 3244, 1661, 1279, 1252, 36),
(231, 2018, 3234, 1786, 2069, 1468, 36),
(232, 2008, 756, 26, 1177, 59, 37),
(233, 2009, 908, 40, 1245, 98, 37),
(234, 2010, 868, 51, 1141, 87, 37),
(235, 2011, 879, 10, 1264, 35, 37),
(236, 2012, 888, 29, 1403, 53, 37),
(237, 2013, 968, 4, 1573, 48, 37),
(238, 2014, 939, 15, 1657, 62, 37),
(239, 2015, 873, 14, 1713, 64, 37),
(240, 2016, 947, 13, 1789, 33, 37),
(241, 2017, 921, 13, 1751, 74, 37),
(242, 2018, 782, 16, 1717, 43, 37),
(243, 2008, 2494, 4874, 5854, 5577, 40),
(244, 2009, 2220, 4070, 5832, 5233, 40),
(245, 2010, 2319, 4497, 6633, 5269, 40),
(246, 2011, 2623, 5612, 7274, 6010, 40),
(247, 2012, 2778, 5419, 9055, 5843, 40),
(248, 2013, 2797, 5774, 8562, 6387, 40),
(249, 2014, 2731, 5407, 8731, 6324, 40),
(250, 2015, 2622, 4009, 8904, 5785, 40),
(251, 2016, 2789, 4016, 9125, 6198, 40),
(252, 2017, 3180, 5207, 9330, 6676, 40),
(253, 2018, 3224, 5663, 9450, 7268, 40),
(254, 2008, 79218, 68034, 25506, 50373, 41),
(255, 2009, 76764, 58906, 25140, 45087, 41),
(256, 2010, 76647, 56178, 25041, 46695, 41),
(257, 2011, 80499, 66133, 26155, 55509, 41),
(258, 2012, 81980, 63975, 25317, 50068, 41),
(259, 2013, 83634, 66054, 26062, 52444, 41),
(260, 2014, 83701, 67402, 27919, 58464, 41),
(261, 2015, 84452, 66441, 26648, 47713, 41),
(262, 2016, 82682, 63557, 26483, 49029, 41),
(263, 2017, 86758, 67936, 29055, 52495, 41),
(264, 2018, 89322, 73125, 26914, 57925, 41),
(265, 2008, 1290, 505, 1872, 337, 42),
(266, 2009, 1500, 537, 1980, 311, 42),
(267, 2010, 2032, 737, 2086, 329, 42),
(268, 2011, 2712, 1069, 2237, 384, 42),
(269, 2012, 4106, 1565, 2734, 471, 42),
(270, 2013, 4954, 1916, 3220, 537, 42),
(271, 2014, 5004, 1972, 3106, 563, 42),
(272, 2015, 5256, 2049, 3136, 609, 42),
(273, 2016, 5393, 2315, 3400, 706, 42),
(274, 2017, 6483, 2971, 3851, 853, 42),
(275, 2018, 7203, 3518, 3698, 960, 42),
(276, 2008, 24884, 53402, 86201, 105691, 43),
(277, 2009, 24220, 47499, 85547, 92899, 43),
(278, 2010, 26875, 49116, 85872, 90866, 43),
(279, 2011, 28374, 53465, 84692, 99909, 43),
(280, 2012, 30411, 51626, 82729, 96196, 43),
(281, 2013, 31545, 55486, 87459, 102668, 43),
(282, 2014, 32999, 58721, 83008, 101737, 43),
(283, 2015, 34970, 50663, 83737, 85334, 43),
(284, 2016, 35555, 52229, 90966, 87414, 43),
(285, 2017, 37452, 56330, 92402, 97777, 43),
(286, 2018, 38881, 60260, 108542, 10204, 43),
(287, 2008, 15939, 17608, 3765, 3946, 44),
(288, 2009, 14915, 16038, 3835, 4122, 44),
(289, 2010, 15007, 13857, 3799, 3400, 44),
(290, 2011, 16427, 16269, 4941, 3809, 44),
(291, 2012, 15518, 14665, 4681, 3005, 44),
(292, 2013, 17920, 17433, 4594, 3768, 44),
(293, 2014, 22033, 19489, 5802, 4003, 44),
(294, 2015, 23599, 17547, 6291, 3535, 44),
(295, 2016, 24799, 16811, 7235, 3412, 44),
(296, 2017, 27194, 19139, 7685, 3306, 44),
(297, 2018, 30123, 21594, 7961, 3910, 44),
(298, 2008, 3242, 1335, 1277, 740, 46),
(299, 2009, 2447, 1359, 1213, 862, 46),
(300, 2010, 2503, 1378, 1279, 1002, 46),
(301, 2011, 2594, 1350, 1314, 935, 46),
(302, 2012, 2691, 1419, 1301, 920, 46),
(303, 2013, 2740, 1479, 1532, 952, 46),
(304, 2014, 3110, 1564, 1832, 1033, 46),
(305, 2015, 3338, 1580, 2069, 1004, 46),
(306, 2016, 3491, 15552, 2248, 989, 46),
(307, 2017, 3773, 1571, 2395, 1011, 46),
(308, 2018, 4187, 1553, 2763, 1121, 46),
(309, 2008, 46826, 20236, 81911, 16095, 49),
(310, 2009, 46517, 20291, 81958, 15547, 49),
(311, 2010, 56115, 27208, 84442, 17357, 49),
(312, 2011, 64237, 33169, 84816, 19022, 49),
(313, 2012, 72385, 37098, 85276, 20077, 49),
(314, 2013, 79960, 42426, 84414, 21215, 49),
(315, 2014, 88609, 46352, 84519, 22011, 49),
(316, 2015, 85994, 42491, 89082, 23059, 49),
(317, 2016, 83208, 37838, 91758, 24141, 49),
(318, 2017, 86356, 38170, 91304, 25388, 49),
(319, 2018, 94411, 41870, 92214, 26498, 49),
(320, 2008, 12330, 7533, 23317, 3857, 50),
(321, 2009, 12286, 7013, 22312, 3251, 50),
(322, 2010, 12972, 6595, 21379, 2897, 50),
(323, 2011, 14072, 7239, 21969, 3048, 50),
(324, 2012, 14517, 6149, 21024, 2457, 50),
(325, 2013, 15012, 6671, 20950, 2526, 50),
(326, 2014, 16758, 7483, 21927, 2712, 50),
(327, 2015, 19245, 6929, 23658, 2456, 50),
(328, 2016, 20557, 7481, 25986, 2738, 50),
(329, 2017, 21435, 8448, 27836, 3049, 50),
(330, 2018, 23497, 9595, 31454, 3280, 50),
(331, 2008, 1608, 624, 414, 1103, 51),
(332, 2009, 1775, 550, 259, 534, 51),
(333, 2010, 1713, 562, 299, 599, 51),
(334, 2011, 1985, 751, 341, 740, 51),
(335, 2012, 2315, 865, 358, 780, 51),
(336, 2013, 2826, 1078, 365, 850, 51),
(337, 2014, 3594, 1375, 400, 972, 51),
(338, 2015, 4636, 1618, 450, 998, 51),
(339, 2016, 5770, 2411, 536, 1268, 51),
(340, 2017, 6603, 3024, 619, 1664, 51),
(341, 2018, 6906, 3128, 668, 1829, 51),
(342, 2008, 5283, 12462, 10868, 12083, 52),
(343, 2009, 5168, 11136, 11067, 9310, 52),
(344, 2010, 5776, 14490, 12988, 10490, 52),
(345, 2011, 6309, 17708, 13994, 13699, 52),
(346, 2012, 6578, 18340, 14920, 14107, 52),
(347, 2013, 6968, 19042, 16626, 13884, 52),
(348, 2014, 13107, 20756, 18330, 17492, 52),
(349, 2015, 13284, 21472, 20376, 17686, 52),
(350, 2016, 14570, 23111, 21872, 19184, 52),
(351, 2017, 15543, 27878, 23943, 21856, 52),
(352, 2018, 17423, 29143, 26296, 25790, 52),
(353, 2008, 6234, 8150, 5486, 8801, 53),
(354, 2009, 6324, 6053, 5053, 6908, 53),
(355, 2010, 7003, 7618, 6235, 8432, 53),
(356, 2011, 7650, 9038, 6750, 8653, 53),
(357, 2012, 8044, 9463, 7454, 9055, 53),
(358, 2013, 8802, 10302, 8025, 10280, 53),
(359, 2014, 9435, 11567, 8074, 10263, 53),
(360, 2015, 10407, 12054, 8176, 9800, 53),
(361, 2016, 11519, 12566, 8340, 9932, 53),
(362, 2017, 14040, 14691, 8856, 10945, 53),
(363, 2018, 15810, 15600, 9468, 11629, 53),
(364, 2008, 8026, 9972, 7877, 10543, 54),
(365, 2009, 7189, 8465, 7047, 7940, 54),
(366, 2010, 7134, 8185, 6917, 7176, 54),
(367, 2011, 7630, 9532, 6514, 6842, 54),
(368, 2012, 7550, 9060, 6600, 5999, 54),
(369, 2013, 8260, 9536, 6579, 6222, 54),
(370, 2014, 8813, 11097, 6676, 6175, 54),
(371, 2015, 9528, 11479, 7094, 5790, 54),
(372, 2016, 10100, 11429, 7646, 6217, 54),
(373, 2017, 10338, 14294, 8171, 6616, 54),
(374, 2018, 10926, 14658, 8643, 7390, 54),
(375, 2008, 2572, 5271, 4207, 4967, 55),
(376, 2009, 2321, 4924, 4007, 4500, 55),
(377, 2010, 2803, 5621, 4269, 4683, 55),
(378, 2011, 2820, 5869, 4387, 4874, 55),
(379, 2012, 2886, 6165, 4349, 5008, 55),
(380, 2013, 2962, 6577, 4757, 5757, 55),
(381, 2014, 2927, 6590, 5181, 6534, 55),
(382, 2015, 2799, 6574, 5891, 7506, 55),
(383, 2016, 2900, 6587, 6781, 8210, 55),
(384, 2017, 3613, 7578, 7597, 8985, 55),
(385, 2018, 4121, 8073, 8473, 9765, 55),
(386, 2008, 42734, 46217, 26464, 30940, 56),
(387, 2009, 43239, 40407, 27490, 27967, 56),
(388, 2010, 43626, 38432, 28188, 26902, 56),
(389, 2011, 46119, 43271, 27831, 28749, 56),
(390, 2012, 46360, 40943, 27376, 26239, 56),
(391, 2013, 47704, 43825, 26305, 26948, 56),
(392, 2014, 48576, 45562, 26862, 28866, 56),
(393, 2015, 50732, 41415, 27494, 30312, 56),
(394, 2016, 52372, 42423, 29067, 30584, 56),
(395, 2017, 58253, 46719, 31805, 34819, 56),
(396, 2018, 61567, 51602, 33347, 37644, 56),
(397, 2008, 8351, 13781, 15987, 38971, 58),
(398, 2009, 6790, 12537, 15446, 34787, 58),
(399, 2010, 8611, 15356, 16637, 39306, 58),
(400, 2011, 6219, 12533, 16994, 39760, 58),
(401, 2012, 8358, 16197, 18491, 40967, 58),
(402, 2013, 10364, 16865, 17473, 32244, 58),
(403, 2014, 13413, 20790, 16903, 28609, 58),
(404, 2015, 19737, 27285, 16214, 23252, 58),
(405, 2016, 24040, 33456, 17116, 25968, 58),
(406, 2017, 28691, 36978, 17889, 25774, 58),
(407, 2018, 31192, 45276, 18954, 28096, 58),
(408, 2008, 6891, 13440, 11996, 21447, 61),
(409, 2009, 7818, 13262, 9494, 16355, 61),
(410, 2010, 8798, 14315, 12488, 20788, 61),
(411, 2011, 9795, 17329, 12694, 22195, 61),
(412, 2012, 11140, 18731, 13737, 22934, 61),
(413, 2013, 12176, 19457, 14846, 14459, 61),
(414, 2014, 14202, 22390, 16081, 26136, 61),
(415, 2015, 13232, 18711, 19310, 27957, 61),
(416, 2016, 17242, 20924, 22383, 29817, 61),
(417, 2017, 13336, 17173, 26496, 34453, 61),
(418, 2018, 15347, 19856, 28696, 34769, 61),
(419, 2008, 2683, 569, 2273, 450, 63),
(420, 2009, 2734, 300, 2354, 273, 63),
(421, 2010, 1483, 212, 1342, 275, 63),
(422, 2011, 3362, 405, 3061, 392, 63),
(423, 2012, 3741, 486, 3621, 529, 63),
(424, 2013, 4549, 585, 3993, 505, 63),
(425, 2014, 4204, 468, 3790, 568, 63),
(426, 2015, 4402, 482, 4008, 535, 63),
(427, 2016, 4174, 477, 4185, 582, 63),
(428, 2017, 4989, 480, 4446, 422, 63),
(429, 2018, 7370, 487, 6839, 453, 63),
(430, 2008, 1684, 801, 3782, 1139, 64),
(431, 2009, 1323, 724, 4841, 798, 64),
(432, 2010, 1373, 639, 4982, 648, 64),
(433, 2011, 1493, 771, 4787, 765, 64),
(434, 2012, 1435, 744, 1581, 680, 64),
(435, 2013, 1536, 865, 3022, 715, 64),
(436, 2014, 1843, 953, 3208, 715, 64),
(437, 2015, 2024, 895, 2962, 618, 64),
(438, 2016, 1793, 899, 3189, 699, 64),
(439, 2017, 1949, 951, 3320, 728, 64),
(440, 2018, 1946, 1057, 3543, 778, 64),
(441, 2008, 1611, 1248, 1757, 1530, 67),
(442, 2009, 1341, 972, 1288, 1119, 67),
(443, 2010, 1507, 958, 1411, 849, 67),
(444, 2011, 1775, 1321, 1526, 859, 67),
(445, 2012, 1900, 1317, 1708, 925, 67),
(446, 2013, 2012, 1374, 1764, 1069, 67),
(447, 2014, 2063, 1383, 1789, 1059, 67),
(448, 2015, 2071, 1153, 1860, 951, 67),
(449, 2016, 2296, 1210, 1953, 1012, 67),
(450, 2017, 2523, 1325, 2032, 1115, 67),
(451, 2018, 2825, 1419, 2244, 1195, 67),
(452, 2008, 877, 4918, 1190, 3839, 68),
(453, 2009, 847, 4546, 1362, 3670, 68),
(454, 2010, 805, 4519, 1237, 3626, 68),
(455, 2011, 874, 5358, 1643, 3873, 68),
(456, 2012, 950, 5395, 1580, 3094, 68),
(457, 2013, 945, 5629, 1624, 3292, 68),
(458, 2014, 1038, 6033, 1815, 3359, 68),
(459, 2015, 1090, 4762, 1702, 2874, 68),
(460, 2016, 1054, 4766, 1588, 2914, 68),
(461, 2017, 1046, 4993, 1802, 3043, 68),
(462, 2018, 1018, 5537, 1989, 3290, 68),
(463, 2008, 10610, 13749, 606, 695, 69),
(464, 2009, 10402, 15182, 671, 714, 69),
(465, 2010, 11926, 22688, 753, 883, 69),
(466, 2011, 12925, 31118, 908, 1064, 69),
(467, 2012, 13577, 36521, 1291, 1155, 69),
(468, 2013, 14268, 43665, 1446, 1236, 69),
(469, 2014, 14566, 43303, 1537, 1344, 69),
(470, 2015, 14308, 31500, 1466, 1336, 69),
(471, 2016, 15704, 31015, 1251, 1319, 69),
(472, 2017, 17255, 36465, 1391, 1391, 69),
(473, 2018, 18493, 40358, 1579, 1411, 69),
(474, 2008, 1291, 1082, 261, 307, 74),
(475, 2009, 1182, 899, 264, 291, 74),
(476, 2010, 1339, 1066, 294, 309, 74),
(477, 2011, 1415, 1276, 309, 333, 74),
(478, 2012, 1443, 1260, 331, 339, 74),
(479, 2013, 1582, 1402, 363, 384, 74),
(480, 2014, 1690, 1521, 391, 397, 74),
(481, 2015, 1783, 1381, 428, 368, 74),
(482, 2016, 1966, 1451, 497, 408, 74),
(483, 2017, 2274, 1746, 573, 472, 74),
(484, 2018, 2599, 1845, 667, 518, 74),
(485, 2008, 930, 1823, 226, 489, 76),
(486, 2009, 871, 1390, 196, 384, 76),
(487, 2010, 935, 1585, 212, 423, 76),
(488, 2011, 965, 1808, 219, 427, 76),
(489, 2012, 965, 1778, 237, 394, 76),
(490, 2013, 993, 1593, 228, 458, 76),
(491, 2014, 1038, 1719, 223, 503, 76),
(492, 2015, 1151, 1680, 242, 616, 76),
(493, 2016, 1275, 1824, 260, 683, 76),
(494, 2017, 1342, 2005, 283, 738, 76),
(495, 2018, 1399, 2161, 296, 723, 76),
(496, 2008, 22931, 14726, 14527, 10246, 77),
(497, 2009, 22346, 12542, 14104, 8737, 77),
(498, 2010, 23290, 12628, 14334, 9001, 77),
(499, 2011, 23403, 12458, 14799, 9704, 77),
(500, 2012, 23403, 13320, 15581, 10735, 77),
(501, 2013, 24151, 14311, 15911, 11970, 77),
(502, 2014, 29346, 16606, 18261, 12556, 77),
(503, 2015, 32093, 18729, 19603, 12668, 77),
(504, 2016, 35079, 20619, 20223, 12823, 77),
(505, 2017, 39291, 22467, 19067, 13647, 77),
(506, 2018, 41313, 23802, 19748, 14073, 77),
(507, 2008, 7879, 8885, 3421, 1910, 82),
(508, 2009, 8341, 7980, 2293, 1713, 82),
(509, 2010, 9288, 8176, 2175, 1879, 82),
(510, 2011, 9342, 9101, 2378, 2260, 82),
(511, 2012, 9375, 8491, 2323, 20995, 82),
(512, 2013, 10046, 8201, 2195, 2002, 82),
(513, 2014, 10283, 9070, 1850, 2273, 82),
(514, 2015, 10177, 7765, 1910, 2155, 82),
(515, 2016, 10332, 7922, 1864, 2312, 82),
(516, 2017, 11349, 9086, 1849, 2829, 82),
(517, 2018, 12289, 9523, 1923, 3018, 82),
(518, 2008, 10104, 12874, 18399, 19805, 86),
(519, 2009, 9921, 12063, 18340, 18628, 86),
(520, 2010, 10883, 11653, 18368, 19044, 86),
(521, 2011, 11300, 12897, 18560, 20741, 86),
(522, 2012, 11680, 12295, 18628, 20094, 86),
(523, 2013, 12783, 13733, 18094, 21009, 86),
(524, 2014, 13925, 14684, 17928, 23655, 86),
(525, 2015, 15007, 131711, 18070, 20234, 86),
(526, 2016, 15828, 14934, 17938, 22538, 86),
(527, 2017, 17924, 16643, 22095, 24720, 86),
(528, 2018, 18780, 18640, 22115, 25952, 86),
(529, 2008, 858, 303, 942, 265, 87),
(530, 2009, 932, 336, 858, 256, 87),
(531, 2010, 1011, 314, 908, 225, 87),
(532, 2011, 1060, 391, 912, 240, 87),
(533, 2012, 1180, 421, 979, 241, 87),
(534, 2013, 1229, 417, 994, 277, 87),
(535, 2014, 1330, 446, 959, 286, 87),
(536, 2015, 1386, 528, 925, 273, 87),
(537, 2016, 1504, 642, 981, 310, 87),
(538, 2017, 1787, 841, 982, 365, 87),
(539, 2018, 1256, 544, 974, 349, 87),
(540, 2008, 1373, 1105, 2062, 1197, 90),
(541, 2009, 1521, 1092, 1645, 1295, 90),
(542, 2010, 1441, 1072, 1873, 1243, 90),
(543, 2011, 1018, 1515, 2446, 1493, 90),
(544, 2012, 1241, 1723, 2888, 1644, 90),
(545, 2013, 1392, 1888, 3103, 1824, 90),
(546, 2014, 1611, 1971, 3358, 2081, 90),
(547, 2015, 1909, 2247, 3838, 2208, 90),
(548, 2016, 2335, 2390, 4167, 2643, 90),
(549, 2017, 2316, 2717, 4473, 2915, 90),
(550, 2018, 2301, 2975, 3350, 3210, 90),
(551, 2008, 1247, 2208, 369, 560, 92),
(552, 2009, 1200, 2280, 336, 503, 92),
(553, 2010, 1324, 2621, 392, 575, 92),
(554, 2011, 1473, 3630, 414, 679, 92),
(555, 2012, 1606, 4585, 447, 591, 92),
(556, 2013, 1658, 5419, 619, 1078, 92),
(557, 2014, 1745, 5749, 853, 1147, 92),
(558, 2015, 2110, 5754, 740, 1272, 92),
(559, 2016, 1921, 6280, 770, 1476, 92),
(560, 2017, 1843, 6824, 917, 1184, 92),
(561, 2018, 1785, 5615, 681, 1307, 92),
(562, 2008, 428, 128, 278, 214, 93),
(563, 2009, 439, 225, 288, 231, 93),
(564, 2010, 465, 243, 302, 261, 93),
(565, 2011, 524, 261, 347, 308, 93),
(566, 2012, 579, 291, 400, 363, 93),
(567, 2013, 610, 299, 440, 425, 93),
(568, 2014, 649, 314, 426, 448, 93),
(569, 2015, 1215, 348, 1008, 494, 93),
(570, 2016, 1308, 356, 1503, 512, 93),
(571, 2017, 1584, 399, 1548, 545, 93),
(572, 2018, 1181, 393, 1266, 549, 93),
(573, 2008, 2058, 2396, 1913, 1432, 94),
(574, 2009, 2140, 2440, 1891, 1404, 94),
(575, 2010, 2299, 2475, 2058, 1648, 94),
(576, 2011, 2598, 2814, 2132, 1768, 94),
(577, 2012, 2846, 3074, 2296, 1900, 94),
(578, 2013, 3164, 3916, 2364, 2105, 94),
(579, 2014, 3215, 3907, 2442, 2118, 94),
(580, 2015, 3456, 4140, 2595, 2539, 94),
(581, 2016, 3744, 4288, 2751, 2700, 94),
(582, 2017, 4032, 4573, 2875, 2916, 94),
(583, 2018, 4419, 4894, 3078, 3417, 94),
(584, 2008, 12960, 12895, 57843, 10689, 96),
(585, 2009, 11890, 9889, 45570, 7891, 96),
(586, 2010, 12470, 10036, 49860, 9099, 96),
(587, 2011, 13350, 11652, 49570, 8884, 96),
(588, 2012, 14840, 11889, 57590, 9129, 96),
(589, 2013, 15800, 12433, 62630, 9131, 96),
(590, 2014, 16000, 12925, 45700, 9541, 96),
(591, 2015, 16728, 11355, 55200, 8523, 96),
(592, 2016, 17471, 12052, 55800, 8617, 96),
(593, 2017, 18258, 14083, 58700, 9567, 96),
(594, 2018, 19622, 15748, 61400, 10608, 96),
(595, 2008, 8862, 2626, 13072, 2407, 99),
(596, 2009, 7575, 1688, 11723, 1766, 99),
(597, 2010, 7498, 1631, 10905, 1897, 99),
(598, 2011, 7611, 2016, 10936, 2294, 99),
(599, 2012, 7937, 1904, 11149, 2108, 99),
(600, 2013, 8019, 2048, 11364, 2176, 99),
(601, 2014, 8442, 2225, 12299, 2636, 99),
(602, 2015, 9331, 2097, 13118, 2331, 99),
(603, 2016, 10223, 2172, 16128, 2464, 99),
(604, 2017, 10926, 3008, 19953, 4060, 99),
(605, 2018, 11720, 3261, 21039, 5088, 99),
(606, 2008, 159, 408, 54, 64, 102),
(607, 2009, 158, 349, 49, 56, 102),
(608, 2010, 175, 352, 59, 63, 102),
(609, 2011, 194, 380, 48, 65, 102),
(610, 2012, 208, 429, 45, 58, 102),
(611, 2013, 230, 484, 47, 62, 102),
(612, 2014, 233, 481, 50, 65, 102),
(613, 2015, 276, 483, 56, 54, 102),
(614, 2016, 303, 505, 68, 92, 102),
(615, 2017, 350, 585, 74, 104, 102),
(616, 2018, 362, 611, 72, 102, 102),
(617, 2008, 7778, 10615, 6828, 16340, 103),
(618, 2009, 7488, 9225, 6961, 15704, 103),
(619, 2010, 9161, 14178, 7342, 18700, 103),
(620, 2011, 10390, 17929, 7753, 21420, 103),
(621, 2012, 11098, 18795, 8048, 23139, 103),
(622, 2013, 11899, 19231, 8647, 24407, 103),
(623, 2014, 11864, 19161, 8647, 25547, 103),
(624, 2015, 12051, 16617, 8903, 23658, 103),
(625, 2016, 12913, 18944, 9125, 23957, 103),
(626, 2017, 13903, 19891, 9474, 24588, 103),
(627, 2018, 14673, 20416, 9889, 25346, 103),
(628, 2008, 1958, 2955, 2459, 1611, 105),
(629, 2009, 1824, 2817, 2586, 1771, 105),
(630, 2010, 2049, 2808, 2874, 1642, 105),
(631, 2011, 2236, 3048, 2722, 1727, 105),
(632, 2012, 2377, 2793, 2474, 1508, 105),
(633, 2013, 2502, 2966, 2612, 1559, 105),
(634, 2014, 2675, 3052, 2642, 1646, 105),
(635, 2015, 3022, 2593, 2867, 1370, 105),
(636, 2016, 3397, 2717, 2853, 1484, 105),
(637, 2017, 3991, 3057, 3013, 1643, 105),
(638, 2018, 4425, 3378, 3188, 1755, 105),
(639, 2008, 57192, 68875, 11229, 20543, 106),
(640, 2009, 52178, 59795, 12017, 17146, 106),
(641, 2010, 52677, 58348, 12379, 16926, 106),
(642, 2011, 56177, 67809, 13347, 17387, 106),
(643, 2012, 57464, 62936, 12422, 15395, 106),
(644, 2013, 60675, 68414, 11246, 16433, 106),
(645, 2014, 64939, 71656, 11783, 17976, 106),
(646, 2015, 68175, 62449, 14407, 17429, 106),
(647, 2016, 75315, 66982, 15405, 18803, 106),
(648, 2017, 81869, 75906, 17031, 22346, 106),
(649, 2018, 82773, 81250, 19116, 26670, 106),
(650, 2008, 8608, 17596, 11147, 13282, 109),
(651, 2009, 8294, 16667, 10453, 12990, 109),
(652, 2010, 8628, 17614, 10011, 13460, 109),
(653, 2011, 8534, 20659, 10466, 16483, 109),
(654, 2012, 8566, 19594, 12098, 17980, 109),
(655, 2013, 8967, 20345, 12403, 19093, 109),
(656, 2014, 9158, 21432, 12518, 19940, 109),
(657, 2015, 9305, 19597, 13601, 18762, 109),
(658, 2016, 9205, 19042, 13857, 18806, 109),
(659, 2017, 9889, 19654, 15318, 20277, 109),
(660, 2018, 10362, 20276, 15285, 20722, 109),
(661, 2008, 3845, 7156, 8465, 10710, 110),
(662, 2009, 4395, 7956, 8143, 8668, 110),
(663, 2010, 5567, 10387, 9415, 10700, 110),
(664, 2011, 6087, 13067, 9584, 11701, 110),
(665, 2012, 7311, 14115, 10240, 12444, 110),
(666, 2013, 8016, 14782, 11053, 14158, 110),
(667, 2014, 9910, 17419, 11845, 15953, 110),
(668, 2015, 10440, 16987, 13183, 17388, 110),
(669, 2016, 10690, 15825, 14589, 19229, 110),
(670, 2017, 10740, 14847, 15655, 20502, 110),
(671, 2018, 11067, 16366, 16645, 22253, 110),
(672, 2008, 14584, 22510, 3908, 6707, 113),
(673, 2009, 14150, 19811, 4653, 5744, 113),
(674, 2010, 15936, 23796, 5451, 7155, 113),
(675, 2011, 19230, 30924, 5397, 7534, 113),
(676, 2012, 22354, 34565, 5721, 8095, 113),
(677, 2013, 26547, 41765, 5970, 8238, 113),
(678, 2014, 24810, 38451, 6444, 8824, 113),
(679, 2015, 29923, 44851, 6794, 9539, 113),
(680, 2016, 32530, 48459, 8204, 11267, 113),
(681, 2017, 35592, 57057, 8963, 12676, 113),
(682, 2018, 38178, 65242, 9966, 14675, 113),
(683, 2008, 29792, 26446, 4893, 4509, 118),
(684, 2009, 30187, 26331, 5561, 5061, 118),
(685, 2010, 31364, 26318, 6557, 5817, 118),
(686, 2011, 34654, 30302, 6282, 5372, 118),
(687, 2012, 35698, 31566, 5803, 4585, 118),
(688, 2013, 37795, 36192, 7526, 5253, 118),
(689, 2014, 39811, 38855, 7982, 5475, 118),
(690, 2015, 39478, 35597, 8751, 5683, 118),
(691, 2016, 30289, 26788, 7892, 5025, 118),
(692, 2017, 37601, 31870, 8887, 5180, 118),
(693, 2018, 45768, 37140, 8383, 4993, 118),
(694, 2008, 25449, 6722, 15499, 4585, 119),
(695, 2009, 20798, 4349, 15334, 3751, 119),
(696, 2010, 21203, 4696, 17180, 4134, 119),
(697, 2011, 21415, 5406, 19773, 4829, 119),
(698, 2012, 23013, 5988, 21433, 5536, 119),
(699, 2013, 24671, 5931, 23761, 6300, 119),
(700, 2014, 12712, 2264, 22438, 5470, 119),
(701, 2015, 12428, 1662, 23142, 5408, 119),
(702, 2016, 13333, 1723, 24668, 6306, 119),
(703, 2017, 14230, 2019, 26437, 7536, 119),
(704, 2018, 14104, 2269, 27811, 8287, 119),
(705, 2008, 30142, 39224, 69011, 77910, 120),
(706, 2009, 28199, 33249, 58614, 60820, 120),
(707, 2010, 28295, 34715, 55562, 60716, 120),
(708, 2011, 29306, 38814, 56836, 60608, 120),
(709, 2012, 29282, 40927, 56538, 61323, 120),
(710, 2013, 31063, 46043, 57792, 60823, 120),
(711, 2014, 32613, 51582, 60082, 67042, 120),
(712, 2015, 34436, 50904, 65720, 68116, 120),
(713, 2016, 35814, 47777, 70815, 67220, 120),
(714, 2017, 37651, 47719, 72772, 65177, 120),
(715, 2018, 36316, 48515, 71733, 68888, 120),
(716, 2008, 58007, 164721, 63653, 119838, 121),
(717, 2009, 55103, 146002, 62130, 102953, 121),
(718, 2010, 60010, 167996, 61061, 110049, 121),
(719, 2011, 63477, 187629, 59209, 116448, 121),
(720, 2012, 66967, 200997, 60697, 129902, 121),
(721, 2013, 71643, 218496, 61344, 130148, 121),
(722, 2014, 75379, 235990, 68185, 140558, 121),
(723, 2015, 77774, 249183, 74191, 150044, 121),
(724, 2016, 76407, 245991, 20223, 160959, 121),
(725, 2017, 77187, 251544, 87657, 173760, 121),
(726, 2018, 79746, 256145, 92564, 186508, 121),
(727, 2008, 1938, 1195, 734, 466, 122),
(728, 2009, 2055, 1460, 826, 442, 122),
(729, 2010, 2353, 1669, 1027, 549, 122),
(730, 2011, 2857, 2401, 1534, 797, 122),
(731, 2012, 2695, 2439, 1816, 1043, 122),
(732, 2013, 2683, 2182, 2281, 1504, 122),
(733, 2014, 2682, 2029, 2396, 1604, 122),
(734, 2015, 2773, 2070, 2217, 1388, 122),
(735, 2016, 3037, 2182, 1715, 1139, 122),
(736, 2017, 3674, 2660, 1789, 1233, 122),
(737, 2018, 3469, 2439, 1947, 1309, 122),
(738, 2008, 91, 188, 19, 32, 124),
(739, 2009, 101, 214, 20, 28, 124),
(740, 2010, 97, 242, 21, 34, 124),
(741, 2011, 94, 249, 22, 39, 124),
(742, 2012, 108, 268, 23, 43, 124),
(743, 2013, 110, 314, 26, 46, 124),
(744, 2014, 109, 284, 26, 41, 124),
(745, 2015, 90, 2554, 27, 34, 124),
(746, 2016, 95, 275, 25, 28, 124),
(747, 2017, 109, 289, 28, 19, 124),
(748, 2018, 116, 325, 29, 21, 124);

-- --------------------------------------------------------

--
-- Table structure for table `tbl_user`
--

CREATE TABLE `tbl_user` (
  `id` int(11) NOT NULL,
  `full_name` varchar(100) NOT NULL,
  `email` varchar(100) NOT NULL,
  `username` varchar(100) NOT NULL,
  `password` varchar(150) NOT NULL,
  `date_of_birth` date NOT NULL,
  `country` varchar(100) NOT NULL
) ENGINE=InnoDB DEFAULT CHARSET=latin1;

--
-- Dumping data for table `tbl_user`
--

INSERT INTO `tbl_user` (`id`, `full_name`, `email`, `username`, `password`, `date_of_birth`, `country`) VALUES
(1, 'Sherly Florencia', 'sherly.florencia@student.umn.ac.id', 'sherly', '1c8b06358890d6c512859b21557315b4', '1999-07-01', 'Indonesia');

--
-- Indexes for dumped tables
--

--
-- Indexes for table `tbl_arrival`
--
ALTER TABLE `tbl_arrival`
  ADD PRIMARY KEY (`id`);

--
-- Indexes for table `tbl_departure`
--
ALTER TABLE `tbl_departure`
  ADD PRIMARY KEY (`id`);

--
-- Indexes for table `tbl_expenditure_in`
--
ALTER TABLE `tbl_expenditure_in`
  ADD PRIMARY KEY (`id`);

--
-- Indexes for table `tbl_expenditure_out`
--
ALTER TABLE `tbl_expenditure_out`
  ADD PRIMARY KEY (`id`);

--
-- Indexes for table `tbl_predict`
--
ALTER TABLE `tbl_predict`
  ADD PRIMARY KEY (`id`);

--
-- Indexes for table `tbl_region`
--
ALTER TABLE `tbl_region`
  ADD PRIMARY KEY (`region_id`);

--
-- Indexes for table `tbl_tourist`
--
ALTER TABLE `tbl_tourist`
  ADD PRIMARY KEY (`id`);

--
-- Indexes for table `tbl_user`
--
ALTER TABLE `tbl_user`
  ADD PRIMARY KEY (`id`);

--
-- AUTO_INCREMENT for dumped tables
--

--
-- AUTO_INCREMENT for table `tbl_arrival`
--
ALTER TABLE `tbl_arrival`
  MODIFY `id` int(11) NOT NULL AUTO_INCREMENT, AUTO_INCREMENT=16;

--
-- AUTO_INCREMENT for table `tbl_departure`
--
ALTER TABLE `tbl_departure`
  MODIFY `id` int(11) NOT NULL AUTO_INCREMENT, AUTO_INCREMENT=16;

--
-- AUTO_INCREMENT for table `tbl_expenditure_in`
--
ALTER TABLE `tbl_expenditure_in`
  MODIFY `id` int(11) NOT NULL AUTO_INCREMENT, AUTO_INCREMENT=16;

--
-- AUTO_INCREMENT for table `tbl_expenditure_out`
--
ALTER TABLE `tbl_expenditure_out`
  MODIFY `id` int(11) NOT NULL AUTO_INCREMENT, AUTO_INCREMENT=16;

--
-- AUTO_INCREMENT for table `tbl_predict`
--
ALTER TABLE `tbl_predict`
  MODIFY `id` int(11) NOT NULL AUTO_INCREMENT, AUTO_INCREMENT=9;

--
-- AUTO_INCREMENT for table `tbl_region`
--
ALTER TABLE `tbl_region`
  MODIFY `region_id` int(11) NOT NULL AUTO_INCREMENT, AUTO_INCREMENT=125;

--
-- AUTO_INCREMENT for table `tbl_tourist`
--
ALTER TABLE `tbl_tourist`
  MODIFY `id` int(11) NOT NULL AUTO_INCREMENT, AUTO_INCREMENT=749;

--
-- AUTO_INCREMENT for table `tbl_user`
--
ALTER TABLE `tbl_user`
  MODIFY `id` int(11) NOT NULL AUTO_INCREMENT, AUTO_INCREMENT=2;
COMMIT;

/*!40101 SET CHARACTER_SET_CLIENT=@OLD_CHARACTER_SET_CLIENT */;
/*!40101 SET CHARACTER_SET_RESULTS=@OLD_CHARACTER_SET_RESULTS */;
/*!40101 SET COLLATION_CONNECTION=@OLD_COLLATION_CONNECTION */;
